{
  "protocol_version": "1.0.0",
  "bundle_version": "1.0.393",
  "updated_at": 1705250815669,
  "categories": {
    "path": "./categories.json",
    "timestamp": 1597712000881
  },
  "sentences": [
    {
      "name": "动画",
      "key": "a",
      "path": "./sentences/a.json",
      "timestamp": 1619244060706
    },
    {
      "name": "漫画",
      "key": "b",
      "path": "./sentences/b.json",
      "timestamp": 1619024460747
    },
    {
      "name": "游戏",
      "key": "c",
      "path": "./sentences/c.json",
      "timestamp": 1619244060714
    },
    {
      "name": "文学",
      "key": "d",
      "path": "./sentences/d.json",
      "timestamp": 1619064060716
    },
    {
      "name": "原创",
      "key": "e",
      "path": "./sentences/e.json",
      "timestamp": 1619244060721
    },
    {
      "name": "网络",
      "key": "f",
      "path": "./sentences/f.json",
      "timestamp": 1619244060725
    },
    {
      "name": "其他",
      "key": "g",
      "path": "./sentences/g.json",
      "timestamp": 1618740060803
    },
    {
      "name": "影视",
      "key": "h",
      "path": "./sentences/h.json",
      "timestamp": 1619064060744
    },
    {
      "name": "诗词",
      "key": "i",
      "path": "./sentences/i.json",
      "timestamp": 1619096460750
    },
    {
      "name": "网易云",
      "key": "j",
      "path": "./sentences/j.json",
      "timestamp": 1619024460770
    },
    {
      "name": "哲学",
      "key": "k",
      "path": "./sentences/k.json",
      "timestamp": 1619064060752
    },
    {
      "name": "抖机灵",
      "key": "l",
      "path": "./sentences/l.json",
      "timestamp": 1619024460771
    }
  ]
}