[
  {
    "id": 4719,
    "uuid": "367e7357-d783-4190-8893-ba614fbdc34e",
    "hitokoto": "爱你所爱，行你所行，听从你心，无问西东。",
    "type": "h",
    "from": "无问西东",
    "from_who": null,
    "creator": "jhaseh",
    "creator_uid": 4818,
    "reviewer": 1044,
    "commit_from": "web",
    "created_at": "1580886541",
    "length": 20
  },
  {
    "id": 4723,
    "uuid": "b77b6dec-d3eb-4ebd-9b6c-2109fcdd37f6",
    "hitokoto": "高调做事，低调做人。",
    "type": "h",
    "from": "某电视剧",
    "from_who": null,
    "creator": "陈未来",
    "creator_uid": 1803,
    "reviewer": 1044,
    "commit_from": "web",
    "created_at": "1580792293",
    "length": 10
  },
  {
    "id": 4857,
    "uuid": "b7022b7c-8ebb-4900-b405-aba3372c00cd",
    "hitokoto": "我感谢一切我有权奉承的神明，让我在这个不唯一的世界遇见唯一的你。",
    "type": "h",
    "from": "Vitamin少女",
    "from_who": null,
    "creator": "Ali",
    "creator_uid": 3642,
    "reviewer": 1044,
    "commit_from": "web",
    "created_at": "1580370816",
    "length": 32
  },
  {
    "id": 4897,
    "uuid": "b968d447-4f1d-48e5-99f2-ae0c12c51b88",
    "hitokoto": "最是人间留不住，朱颜辞镜花辞树。",
    "type": "h",
    "from": "蝶恋花·阅尽天涯离别苦",
    "from_who": "王国维",
    "creator": "鳯凰栖梧",
    "creator_uid": 4071,
    "reviewer": 1,
    "commit_from": "web",
    "created_at": "1571142742",
    "length": 16
  },
  {
    "id": 4904,
    "uuid": "2cc456b1-259e-47c0-83b4-4eba76a28d52",
    "hitokoto": "虽然我和他已十年不见，但我知道我会永远怀念他。",
    "type": "h",
    "from": "伴我同行",
    "from_who": "伴我同行",
    "creator": "wu qingfeng",
    "creator_uid": 2225,
    "reviewer": 1,
    "commit_from": "web",
    "created_at": "1574250827",
    "length": 23
  },
  {
    "id": 4906,
    "uuid": "adc8e369-fae2-4433-8b2b-06bebcb3efd1",
    "hitokoto": "成年人的世界没有容易二字。",
    "type": "h",
    "from": "天气预报员",
    "from_who": "天气预报员",
    "creator": "草鱼禾",
    "creator_uid": 3669,
    "reviewer": 1,
    "commit_from": "web",
    "created_at": "1573714325",
    "length": 13
  },
  {
    "id": 5000,
    "uuid": "e483b2b5-3a45-482c-ab04-936192ee7d3f",
    "hitokoto": "最初，没有人在意这场灾难，这不过是一场山火，一次旱灾，一个物种的灭绝，一座城市的消失。直到这场灾难和每个人息息相关。",
    "type": "h",
    "from": "流浪地球",
    "from_who": "刘慈欣",
    "creator": "Husky",
    "creator_uid": 4861,
    "reviewer": 1044,
    "commit_from": "web",
    "created_at": "1581398835",
    "length": 58
  },
  {
    "id": 5061,
    "uuid": "8277f7ea-e3a8-4e35-8607-9a2797f0ab2e",
    "hitokoto": "An apple once a day，keep your enemies away.",
    "type": "h",
    "from": "白雪公主",
    "from_who": "皇后",
    "creator": "长庚",
    "creator_uid": 4728,
    "reviewer": 4756,
    "commit_from": "web",
    "created_at": "1580116451",
    "length": 43
  },
  {
    "id": 5076,
    "uuid": "2ed7c635-b513-4f11-8aa2-18ec6d66c674",
    "hitokoto": "I will see you in another life, when we are both cats.",
    "type": "h",
    "from": "Vanilla Sky",
    "from_who": null,
    "creator": "Ali",
    "creator_uid": 3642,
    "reviewer": 4756,
    "commit_from": "web",
    "created_at": "1582074043",
    "length": 54
  },
  {
    "id": 5090,
    "uuid": "6855227a-b5f4-417a-acb1-c26cac2bf9d0",
    "hitokoto": "那就是在梦里，找一个很高很高的地方，然后往下跳，不管再恐怖的噩梦都会结束。",
    "type": "h",
    "from": "想加你",
    "from_who": "陈韵如",
    "creator": "scvoet",
    "creator_uid": 1713,
    "reviewer": 4756,
    "commit_from": "web",
    "created_at": "1582459011",
    "length": 37
  },
  {
    "id": 5111,
    "uuid": "5846beb5-0401-477f-b091-33a80283570f",
    "hitokoto": "迎着风，拥抱彩虹！",
    "type": "h",
    "from": "你的答案",
    "from_who": "黄霄雲",
    "creator": "辣椒の酱",
    "creator_uid": 4270,
    "reviewer": 4756,
    "commit_from": "web",
    "created_at": "1582694688",
    "length": 9
  },
  {
    "id": 5122,
    "uuid": "99f4794d-ee82-497f-aa95-e58963ef9474",
    "hitokoto": "Everything ends. But everything begins again too.",
    "type": "h",
    "from": "奇异博士",
    "from_who": null,
    "creator": "serenityooooo_SS",
    "creator_uid": 4656,
    "reviewer": 1044,
    "commit_from": "web",
    "created_at": "1579018067",
    "length": 49
  },
  {
    "id": 5147,
    "uuid": "2e6c98a8-5d67-4e1d-ad02-a8f4feb8a5b3",
    "hitokoto": "虽有遗憾，绝不后悔。",
    "type": "h",
    "from": "古剑奇谭",
    "from_who": null,
    "creator": "焦糖玛奇朵",
    "creator_uid": 4516,
    "reviewer": 1044,
    "commit_from": "web",
    "created_at": "1576919441",
    "length": 10
  },
  {
    "id": 5166,
    "uuid": "61914e8d-9ae2-46b9-bc84-db85e4ac1781",
    "hitokoto": "明明想做个好人，最后却变成了坏人，以为能做个超人，才发现甚至当不好一个凡人，在名为人生的这个大公司里，命运才是我们的顶头上司，虽然人生不能换，命运不能选，幸好还有这群好同事，好兄弟，一起互相伤害。",
    "type": "h",
    "from": "人生无限公司",
    "from_who": "五月天",
    "creator": "MayDay",
    "creator_uid": 5129,
    "reviewer": 1044,
    "commit_from": "app",
    "created_at": "1582876573",
    "length": 98
  },
  {
    "id": 5183,
    "uuid": "b72527f8-010c-49a8-a0b3-d91307113cd7",
    "hitokoto": "Why so serious?",
    "type": "h",
    "from": "小丑",
    "from_who": "小丑",
    "creator": "你会梦游，我会磨牙",
    "creator_uid": 5085,
    "reviewer": 1044,
    "commit_from": "app",
    "created_at": "1583075832",
    "length": 15
  },
  {
    "id": 5234,
    "uuid": "f560733d-1cd0-4b21-8147-18c4916b596e",
    "hitokoto": "你说过，人最大的敌人是自己。",
    "type": "h",
    "from": "我的前半生",
    "from_who": "贺涵",
    "creator": "a632079",
    "creator_uid": 1044,
    "reviewer": 4756,
    "commit_from": "web",
    "created_at": "1583786533",
    "length": 14
  },
  {
    "id": 5264,
    "uuid": "971cc80e-d0ee-42de-8549-c3ed938e3d2a",
    "hitokoto": "A lion does not concern himself with the opinion of sheep.",
    "type": "h",
    "from": "权力的游戏",
    "from_who": null,
    "creator": "未见天地辽阔时",
    "creator_uid": 5341,
    "reviewer": 1044,
    "commit_from": "app",
    "created_at": "1583893749",
    "length": 58
  },
  {
    "id": 5265,
    "uuid": "a272c0f3-7508-4f5b-b6dc-2c2dbd9b4293",
    "hitokoto": "There's a beast in every man, and it stirs when you put a sword in his hand.",
    "type": "h",
    "from": "权力的游戏",
    "from_who": null,
    "creator": "未见天地辽阔时",
    "creator_uid": 5341,
    "reviewer": 1044,
    "commit_from": "app",
    "created_at": "1583893817",
    "length": 76
  },
  {
    "id": 5266,
    "uuid": "c588749f-47ac-4d1e-bfb9-4b4fba6a88ee",
    "hitokoto": "Valar morghulis; Valar dohaeris.",
    "type": "h",
    "from": "权力的游戏",
    "from_who": null,
    "creator": "未见天地辽阔时",
    "creator_uid": 5341,
    "reviewer": 1044,
    "commit_from": "app",
    "created_at": "1583894042",
    "length": 32
  },
  {
    "id": 5269,
    "uuid": "f8de114f-b98a-4872-ac7b-44b42c47f02c",
    "hitokoto": "不是每一个人都能成为伟大的艺术家，但是伟大的艺术家可以来自任何一个地方。",
    "type": "h",
    "from": "料理鼠王",
    "from_who": "小米",
    "creator": "Furley",
    "creator_uid": 4386,
    "reviewer": 1044,
    "commit_from": "web",
    "created_at": "1584030182",
    "length": 36
  },
  {
    "id": 5308,
    "uuid": "4cf04022-267b-4837-b649-f2938d33a38d",
    "hitokoto": "陆上的人喜欢寻根问底，虚度了大好光阴，冬天忧虑夏天的姗姗来迟，夏天忧虑冬天的将至，所以他们不停四处游走，追求一个遥不可及的四季如夏的地方，然而我并不羡慕。",
    "type": "h",
    "from": "海上钢琴师",
    "from_who": "1900",
    "creator": "西门吹水",
    "creator_uid": 5544,
    "reviewer": 4756,
    "commit_from": "web",
    "created_at": "1584697156",
    "length": 77
  },
  {
    "id": 5343,
    "uuid": "08d173d0-62a2-45e5-bece-b013ed33f721",
    "hitokoto": "我们生活在阴沟里，但有人依然仰望星空。",
    "type": "h",
    "from": "少年的你",
    "from_who": "陈念",
    "creator": "石皮虫圭",
    "creator_uid": 5645,
    "reviewer": 1,
    "commit_from": "web",
    "created_at": "1585269003",
    "length": 19
  },
  {
    "id": 5347,
    "uuid": "87531a99-fb7b-420d-8af3-4067139050f5",
    "hitokoto": "所以我松开拳头用手握紧笔，作为自己作为人类也作为你。",
    "type": "h",
    "from": "贰拾",
    "from_who": "张颜齐",
    "creator": "Muzi.言寺",
    "creator_uid": 5655,
    "reviewer": 4756,
    "commit_from": "web",
    "created_at": "1585291368",
    "length": 26
  },
  {
    "id": 5350,
    "uuid": "10d716e8-79b5-4a2e-93e9-1092e306684b",
    "hitokoto": "谎话被歌颂，扮清醒的人作哑装聋。",
    "type": "h",
    "from": "不痛",
    "from_who": "南语",
    "creator": "Muzi.言寺",
    "creator_uid": 5655,
    "reviewer": 4756,
    "commit_from": "web",
    "created_at": "1585293573",
    "length": 16
  },
  {
    "id": 5354,
    "uuid": "9b55d093-7249-4250-8bda-be149f43f4b7",
    "hitokoto": "如果你有梦想，就要守护它。",
    "type": "h",
    "from": "当幸福来敲门",
    "from_who": "克里斯·加德纳",
    "creator": "橘子_ORANGE",
    "creator_uid": 5229,
    "reviewer": 4756,
    "commit_from": "web",
    "created_at": "1585296385",
    "length": 13
  },
  {
    "id": 5355,
    "uuid": "ec21ccfe-4e48-4b1a-95c4-9b5ae0c5200d",
    "hitokoto": "当人们做不到一些事情的时候，他们会对你说你也同样不能。",
    "type": "h",
    "from": "当幸福来敲门",
    "from_who": "克里斯·加德纳",
    "creator": "橘子_ORANGE",
    "creator_uid": 5229,
    "reviewer": 4756,
    "commit_from": "web",
    "created_at": "1585296454",
    "length": 27
  },
  {
    "id": 5357,
    "uuid": "cfb54352-6c7e-4903-9afb-1dc2b3c4be40",
    "hitokoto": "隔着人潮呼救像只困兽，呼吸颤抖去泪流，去相拥。",
    "type": "h",
    "from": "不痛",
    "from_who": "南语",
    "creator": "Muzi.言寺",
    "creator_uid": 5655,
    "reviewer": 4756,
    "commit_from": "web",
    "created_at": "1585293619",
    "length": 23
  },
  {
    "id": 5358,
    "uuid": "d6e59b5a-6a12-4d14-ac64-fc0977de6853",
    "hitokoto": "曾盛开过一朵，曾不会败落，曾在他眼中流淌过浩瀚的银河。",
    "type": "h",
    "from": "不痛",
    "from_who": "南语",
    "creator": "Muzi.言寺",
    "creator_uid": 5655,
    "reviewer": 4756,
    "commit_from": "web",
    "created_at": "1585293655",
    "length": 27
  },
  {
    "id": 5362,
    "uuid": "5bf9d153-8309-4db3-a59b-28572432a1e4",
    "hitokoto": "忘掉生日，忘掉青涩的诗，忘掉他不厌其烦夜夜追逐他影子。",
    "type": "h",
    "from": "菱形月亮",
    "from_who": "邱意",
    "creator": "Muzi.言寺",
    "creator_uid": 5655,
    "reviewer": 4756,
    "commit_from": "web",
    "created_at": "1585293912",
    "length": 27
  },
  {
    "id": 5387,
    "uuid": "f1988762-9dc2-4151-9b1c-c236d2e987ab",
    "hitokoto": "金钱和女人，是人生犯错的根源。",
    "type": "h",
    "from": "贫民窟里的百万富翁",
    "from_who": "丹尼·鮑伊",
    "creator": "wait.",
    "creator_uid": 3905,
    "reviewer": 1044,
    "commit_from": "app",
    "created_at": "1585215070",
    "length": 15
  },
  {
    "id": 5393,
    "uuid": "60f97a7e-2fe2-4a40-88c8-664d59c7d939",
    "hitokoto": "祈愿万家灯火熨烫过脉络，刀山与火海多深刻，都陪你渡过。",
    "type": "h",
    "from": "不痛",
    "from_who": "南语",
    "creator": "Muzi.言寺",
    "creator_uid": 5655,
    "reviewer": 1044,
    "commit_from": "web",
    "created_at": "1585293712",
    "length": 27
  },
  {
    "id": 5425,
    "uuid": "3ebbaea4-a4d7-4600-abe4-2806ea864d69",
    "hitokoto": "we are in the gutter, but some of us are looking at the stars.",
    "type": "h",
    "from": "少年的你",
    "from_who": "陈念",
    "creator": "freejishu",
    "creator_uid": 1,
    "reviewer": 1044,
    "commit_from": "web",
    "created_at": "1585616988",
    "length": 62
  },
  {
    "id": 5427,
    "uuid": "e80083dc-e147-418c-a93d-4377c4ff8c2d",
    "hitokoto": "呐，做人呢，最重要的是开心，你饿不饿，我煮碗面给你吃啊。",
    "type": "h",
    "from": "大内密探零零发",
    "from_who": "周星驰",
    "creator": "hkaren",
    "creator_uid": 5713,
    "reviewer": 1044,
    "commit_from": "web",
    "created_at": "1585647296",
    "length": 28
  },
  {
    "id": 5851,
    "uuid": "79fdc5c2-3df9-4e8d-ac0c-1a9888ea8c06",
    "hitokoto": "Tough times don't last, tough people do.",
    "type": "h",
    "from": "Elementary",
    "from_who": "Joan Watson",
    "creator": "flowphyl",
    "creator_uid": 2150,
    "reviewer": 4756,
    "commit_from": "web",
    "created_at": "1586362271",
    "length": 40
  },
  {
    "id": 5982,
    "uuid": "891c1225-6ba2-48c7-b2ae-f7fc6ea024c7",
    "hitokoto": "经不经典这种事，每个人本来就不一样嘛。因为，你有你的回忆，我有我的传记，只要感动，都是经典。",
    "type": "h",
    "from": "五月天人生无限公司",
    "from_who": null,
    "creator": "Little_Qiu",
    "creator_uid": 1032,
    "reviewer": 4756,
    "commit_from": "web",
    "created_at": "1588353078",
    "length": 46
  },
  {
    "id": 6007,
    "uuid": "3cd19674-3f70-43c8-9c84-9f8479ef73dc",
    "hitokoto": "就像是一场华尔街的阴谋，透露着优雅的杀戮。",
    "type": "h",
    "from": "神探夏洛克",
    "from_who": null,
    "creator": "Npc玩家柯拉",
    "creator_uid": 5658,
    "reviewer": 1,
    "commit_from": "web",
    "created_at": "1586939443",
    "length": 21
  },
  {
    "id": 6008,
    "uuid": "b6c5a5f9-744e-4e71-83bf-28282026017f",
    "hitokoto": "一个细胞里，却分裂出了两种截然不同的命运。",
    "type": "h",
    "from": "法医秦明",
    "from_who": "秦明",
    "creator": "Npc玩家柯拉",
    "creator_uid": 5658,
    "reviewer": 1,
    "commit_from": "web",
    "created_at": "1586939487",
    "length": 21
  },
  {
    "id": 6019,
    "uuid": "ba1a90e0-967c-4db5-bd48-ea2ffb4ce85c",
    "hitokoto": "人的痛苦会把自己折磨到多深呢？",
    "type": "h",
    "from": "如实陈述",
    "from_who": null,
    "creator": "Npc玩家柯拉",
    "creator_uid": 5658,
    "reviewer": 1044,
    "commit_from": "web",
    "created_at": "1586776496",
    "length": 15
  },
  {
    "id": 6021,
    "uuid": "297c2f75-5426-4315-b4a4-d154fe134934",
    "hitokoto": "如果你仲记得我，就返转头啦。",
    "type": "h",
    "from": "刑事侦缉档案",
    "from_who": null,
    "creator": "Npc玩家柯拉",
    "creator_uid": 5658,
    "reviewer": 1044,
    "commit_from": "web",
    "created_at": "1586939583",
    "length": 14
  },
  {
    "id": 6029,
    "uuid": "d155855e-0af9-4bdb-8e35-157a6a861a67",
    "hitokoto": "世界上有三种欺诈师，欺骗别人金钱的白鹫；用美色来玩弄别人心灵的红鹫；还有一种只把白鹫和红鹫当成猎物的史上最强的欺诈师。他的名字叫做黑鹫。",
    "type": "h",
    "from": "欺诈猎人",
    "from_who": null,
    "creator": "Npc玩家柯拉",
    "creator_uid": 5658,
    "reviewer": 1044,
    "commit_from": "web",
    "created_at": "1586939770",
    "length": 68
  },
  {
    "id": 6030,
    "uuid": "131af05a-0a73-4156-b1a7-afaf4bbcd1d9",
    "hitokoto": "那片洁白无瑕的雪地上留下的两个人的回忆很快就会消失，只有那十字，那隔窗的吻痕，那棵树，那人的心在自己胸膛留下的心跳声，永存不灭。",
    "type": "h",
    "from": "天国的树",
    "from_who": null,
    "creator": "Npc玩家柯拉",
    "creator_uid": 5658,
    "reviewer": 1044,
    "commit_from": "web",
    "created_at": "1586939826",
    "length": 64
  },
  {
    "id": 6104,
    "uuid": "9673fb1f-c853-4c1b-bcfd-8799e7f7d891",
    "hitokoto": "世事变幻无常，而近乎永恒不变者，唯你我头上的同一片星空。",
    "type": "h",
    "from": "万国志",
    "from_who": null,
    "creator": "PercyDan",
    "creator_uid": 6125,
    "reviewer": 1,
    "commit_from": "web",
    "created_at": "1588648123",
    "length": 28
  },
  {
    "id": 6105,
    "uuid": "78f1d91c-d69e-446a-bfd3-c3b3ea5d047c",
    "hitokoto": "如果温柔是罪，那就只能用拳头来洗清我们犯下的罪孽。",
    "type": "h",
    "from": "镇魂街",
    "from_who": "曹玄亮",
    "creator": "PercyDan",
    "creator_uid": 6125,
    "reviewer": 1,
    "commit_from": "web",
    "created_at": "1588658329",
    "length": 25
  },
  {
    "id": 6179,
    "uuid": "fbfe7587-9b18-4422-afb3-380e9fa86403",
    "hitokoto": "I will always be here for you.",
    "type": "h",
    "from": "环太平洋 Pacific Rim",
    "from_who": null,
    "creator": "Awoluua_",
    "creator_uid": 6258,
    "reviewer": 1044,
    "commit_from": "web",
    "created_at": "1590074335",
    "length": 30
  },
  {
    "id": 6288,
    "uuid": "62f649c8-0b7a-4327-9d0c-e56754e7f52b",
    "hitokoto": "我花了二十多年告诉我的女儿如何保护自己，你却没有花十分钟教你的儿子不要伤害女孩子。",
    "type": "h",
    "from": "一个母亲的复仇",
    "from_who": "吉里什·科赫利",
    "creator": "朝烟",
    "creator_uid": 6473,
    "reviewer": 1044,
    "commit_from": "web",
    "created_at": "1592397411",
    "length": 41
  },
  {
    "id": 6297,
    "uuid": "d6e55120-3aea-439c-965d-70d957a26925",
    "hitokoto": "爸爸我也不是一生下来就是爸爸，爸爸也是头一次当爸爸。",
    "type": "h",
    "from": "请回答1988",
    "from_who": "德善父亲",
    "creator": "xuj",
    "creator_uid": 6496,
    "reviewer": 1044,
    "commit_from": "web",
    "created_at": "1592529632",
    "length": 26
  },
  {
    "id": 6306,
    "uuid": "6f716915-eaf4-480a-9a9b-24df42d5c1e1",
    "hitokoto": "我想虽然现在是太空时代，人类早就可以坐太空船去月球，但永远无法探索别人内心的宇宙。",
    "type": "h",
    "from": "大佛普拉斯",
    "from_who": null,
    "creator": "像风",
    "creator_uid": 6731,
    "reviewer": 4756,
    "commit_from": "web",
    "created_at": "1594981207",
    "length": 41
  },
  {
    "id": 6325,
    "uuid": "2017e206-f81b-48c1-93e3-53a63a9de199",
    "hitokoto": "自责要短暂，不过要长久铭记。",
    "type": "h",
    "from": "当你沉睡时",
    "from_who": null,
    "creator": "沈时筠",
    "creator_uid": 6568,
    "reviewer": 1,
    "commit_from": "web",
    "created_at": "1593237879",
    "length": 14
  },
  {
    "id": 6403,
    "uuid": "8b009bba-40a2-4603-acbf-f6ac283f6524",
    "hitokoto": "You complete me !",
    "type": "h",
    "from": "黑暗骑士",
    "from_who": "joker",
    "creator": "wick",
    "creator_uid": 6853,
    "reviewer": 1,
    "commit_from": "web",
    "created_at": "1596239713",
    "length": 17
  },
  {
    "id": 6408,
    "uuid": "5c3cbfef-562e-421a-b4a2-22f63615b25b",
    "hitokoto": "痛苦犹如一艘船，欲望是指南针。",
    "type": "h",
    "from": "暗黑",
    "from_who": null,
    "creator": "chilam",
    "creator_uid": 6424,
    "reviewer": 1,
    "commit_from": "web",
    "created_at": "1595569612",
    "length": 15
  },
  {
    "id": 6461,
    "uuid": "c8ec8470-aafb-4b17-b149-3d4807bab03b",
    "hitokoto": "当时光的列车缓缓驶过酋长球场，32岁的亨利就坐在那里，深情的目光望过去，都是自己22岁的影子。",
    "type": "h",
    "from": "天下足球",
    "from_who": null,
    "creator": "流幻的光",
    "creator_uid": 7468,
    "reviewer": 4756,
    "commit_from": "web",
    "created_at": "1602838143",
    "length": 47
  },
  {
    "id": 6468,
    "uuid": "4f756fa1-59f8-4609-8a17-ca11813ed6b6",
    "hitokoto": "I'll do anything to get back what I lost.",
    "type": "h",
    "from": "The Flash",
    "from_who": "Eobard Thawne",
    "creator": "流幻的光",
    "creator_uid": 7468,
    "reviewer": 6844,
    "commit_from": "web",
    "created_at": "1602837828",
    "length": 41
  },
  {
    "id": 6472,
    "uuid": "96ee1e66-508d-422f-acf1-b7de9de596ae",
    "hitokoto": "I'm nothing without you.",
    "type": "h",
    "from": "The Flash",
    "from_who": "Clifford Devo",
    "creator": "流幻的光",
    "creator_uid": 7468,
    "reviewer": 6844,
    "commit_from": "web",
    "created_at": "1602837770",
    "length": 24
  },
  {
    "id": 6479,
    "uuid": "81bd23ed-fffc-41d9-b36b-75f4cf2e84ee",
    "hitokoto": "看看人间的苦难，听听人民的呐喊！",
    "type": "h",
    "from": "悲惨世界",
    "from_who": "《悲惨世界》音乐剧",
    "creator": "Serastan",
    "creator_uid": 7394,
    "reviewer": 6844,
    "commit_from": "web",
    "created_at": "1602079304",
    "length": 16
  },
  {
    "id": 6568,
    "uuid": "b55e7fde-aec1-4f66-87e1-56201aa4d384",
    "hitokoto": "Have you ever danced with devil in the pale moonligh?",
    "type": "h",
    "from": "Batman(1989)",
    "from_who": "The Joker (Jack Nicholson)",
    "creator": "wick",
    "creator_uid": 6853,
    "reviewer": 6844,
    "commit_from": "web",
    "created_at": "1600867959",
    "length": 53
  },
  {
    "id": 6728,
    "uuid": "79d002bd-dd40-4990-90f6-6946f0cbf0e2",
    "hitokoto": "我会把历史欠你的都给你还回来，我要让褚嬴的名字传遍大江南北，让你成为真正的棋王！",
    "type": "h",
    "from": "棋魂",
    "from_who": "时光",
    "creator": "方栩栩",
    "creator_uid": 7486,
    "reviewer": 1044,
    "commit_from": "web",
    "created_at": "1605408531",
    "length": 40
  },
  {
    "id": 6739,
    "uuid": "7f16df4e-57f8-49af-a140-601e3d1e9f7c",
    "hitokoto": "你现在的气质里，藏着你走过的路，读过的书和爱过的人。",
    "type": "h",
    "from": "卡萨布兰卡",
    "from_who": "迈克尔·柯蒂茲",
    "creator": "小透明",
    "creator_uid": 7788,
    "reviewer": 1044,
    "commit_from": "web",
    "created_at": "1605768805",
    "length": 26
  },
  {
    "id": 6771,
    "uuid": "4ee65e3d-5884-498d-931f-f4a0c4504b9c",
    "hitokoto": "めまぐるしい景色の中,君だけが止まって見えた.",
    "type": "h",
    "from": "グランドエスケープ",
    "from_who": "野田洋次郎",
    "creator": "qiokio",
    "creator_uid": 8506,
    "reviewer": 4756,
    "commit_from": "web",
    "created_at": "1613294162",
    "length": 23
  },
  {
    "id": 6835,
    "uuid": "54df9e33-5e17-40ad-9532-df27681657ae",
    "hitokoto": "我希望，你能见识到令你惊奇的事物；我希望，你能体验未曾体验的情感；我希望，你能遇见一些想法不同的人；我希望，你为你自己的人生感到骄傲。如果你发现自己还没做到，我希望，你有勇气，从头再来。",
    "type": "h",
    "from": "返老还童",
    "from_who": "本杰明",
    "creator": "Yousazoe",
    "creator_uid": 7945,
    "reviewer": 1044,
    "commit_from": "web",
    "created_at": "1607219097",
    "length": 93
  },
  {
    "id": 6840,
    "uuid": "f64b29c1-10fd-4e07-b1dc-43763f79c7bc",
    "hitokoto": "有些人沦为平庸浅薄，玉其外，而败絮其中。可不经意间，有一天你会遇到一个彩虹般绚丽的人，从此以后，其他人就不过是匆匆浮云。",
    "type": "h",
    "from": "怦然心动",
    "from_who": null,
    "creator": "Yousazoe",
    "creator_uid": 7945,
    "reviewer": 1044,
    "commit_from": "web",
    "created_at": "1607219550",
    "length": 60
  },
  {
    "id": 6843,
    "uuid": "adcdd620-1512-46dd-afc9-fcb4be72108d",
    "hitokoto": "厨房里有煮好的饭，另外我还买了几个杯子，我知道，用不了多久就都会被打破，所以我偷偷藏起了一个，到有一天你需要那个杯子的时候，就打一个电话给我，我会告诉你放在什么地方。",
    "type": "h",
    "from": "旺角卡门",
    "from_who": null,
    "creator": "Yousazoe",
    "creator_uid": 7945,
    "reviewer": 1044,
    "commit_from": "web",
    "created_at": "1607219692",
    "length": 83
  },
  {
    "id": 6860,
    "uuid": "30973235-3d2b-47dd-873e-9cb5dd8171aa",
    "hitokoto": "我想有一天和你去旅行,去那没有去过的地方，没有行李,没有背包,不带电脑更不要手机,走一个地方停一个地方。在我心里最美好的就是和你一起老在路上,捕捉最后的流星,坐在最高的山顶上,听音乐,聊电影,吃东西....当日出越过山涧，我未老，你依然。",
    "type": "h",
    "from": "飞屋环游记",
    "from_who": null,
    "creator": "Yousazoe",
    "creator_uid": 7945,
    "reviewer": 1044,
    "commit_from": "web",
    "created_at": "1607266120",
    "length": 119
  },
  {
    "id": 6866,
    "uuid": "4d2a58b7-450c-49a5-a44f-24dfb457222a",
    "hitokoto": "我希望在20出头的生命里，做一件到八十岁想起来都还会微笑的事。",
    "type": "h",
    "from": "练习曲",
    "from_who": "陈怀恩",
    "creator": "Yousazoe",
    "creator_uid": 7945,
    "reviewer": 1044,
    "commit_from": "web",
    "created_at": "1607266225",
    "length": 31
  },
  {
    "id": 6867,
    "uuid": "2fdc883e-6840-4397-8bc2-3e9a9e9265ba",
    "hitokoto": "我从出生那天起就是我自己，如果你不能理解，那是你的失败，不是我的。",
    "type": "h",
    "from": "大鱼",
    "from_who": "蒂姆·伯顿",
    "creator": "Yousazoe",
    "creator_uid": 7945,
    "reviewer": 1044,
    "commit_from": "web",
    "created_at": "1607266240",
    "length": 33
  },
  {
    "id": 6898,
    "uuid": "ff731097-75ad-4d94-8766-1e911d451708",
    "hitokoto": "我一直在等待你来拯救我的一生，曾经我也感动到一塌糊涂，挥洒热泪，但现实情况是，没有人能拯救一个抑郁症患者，你的医生不能，你的咨询师不能，你的恋人朋友家人更不能。",
    "type": "h",
    "from": "暖暖内含光",
    "from_who": null,
    "creator": "起名废",
    "creator_uid": 7979,
    "reviewer": 1044,
    "commit_from": "web",
    "created_at": "1607659684",
    "length": 80
  },
  {
    "id": 7041,
    "uuid": "2e17038a-f398-4917-9c42-1723241cd6fc",
    "hitokoto": "宇宙是蚂蚁的梦。",
    "type": "h",
    "from": "the shivering truth",
    "from_who": null,
    "creator": "卖破烂大户",
    "creator_uid": 8103,
    "reviewer": 1044,
    "commit_from": "web",
    "created_at": "1613444892",
    "length": 8
  },
  {
    "id": 7048,
    "uuid": "b2f7cc0a-dd7a-4ea3-a430-700024284732",
    "hitokoto": "机会的大门没有把手，自己无法打开，当有人替你打开大门时，你能否毫不犹豫地走进去。",
    "type": "h",
    "from": "花牌情缘：结",
    "from_who": "真岛太一",
    "creator": "hito",
    "creator_uid": 8536,
    "reviewer": 4756,
    "commit_from": "web",
    "created_at": "1613666036",
    "length": 40
  },
  {
    "id": 7057,
    "uuid": "63af2ed6-4023-4c49-ae04-8c1e9ae5b00f",
    "hitokoto": "跟你在一起的时光都，很耀眼，因为天气好，因为天气不好，因为天气刚刚好，每一天，都很美好。",
    "type": "h",
    "from": "孤单又灿烂的神：鬼怪",
    "from_who": null,
    "creator": "Mango",
    "creator_uid": 8555,
    "reviewer": 1044,
    "commit_from": "web",
    "created_at": "1613825445",
    "length": 44
  },
  {
    "id": 7121,
    "uuid": "16bee004-1233-4371-a52f-a821a165a279",
    "hitokoto": "时光会把你雕刻成你应有的样子。",
    "type": "h",
    "from": "网剧棋魂",
    "from_who": "时光",
    "creator": "方栩栩",
    "creator_uid": 7486,
    "reviewer": 4756,
    "commit_from": "web",
    "created_at": "1619248045",
    "length": 15
  },
  {
    "id": 7122,
    "uuid": "3d7f06ba-b5c9-4ea5-ab16-80da77d140c7",
    "hitokoto": "比起想念来，千年又何其长。比起相见来，千年又何其短。",
    "type": "h",
    "from": "网剧棋魂",
    "from_who": "褚嬴",
    "creator": "方栩栩",
    "creator_uid": 7486,
    "reviewer": 4756,
    "commit_from": "web",
    "created_at": "1619248161",
    "length": 26
  },
  {
    "id": 7139,
    "uuid": "cdc2bf05-fa47-4503-a25c-a0df9cdbf13e",
    "hitokoto": "Pretty things should be enjoyed.",
    "type": "h",
    "from": "小妇人",
    "from_who": "马奇太太",
    "creator": "小莱",
    "creator_uid": 8580,
    "reviewer": 1,
    "commit_from": "web",
    "created_at": "1614148460",
    "length": 32
  },
  {
    "id": 7162,
    "uuid": "cd6d4e18-c220-4fe6-b800-f381445851b7",
    "hitokoto": "冬天之所以那么冷是为了告诉大家身边人的温暖有多重要。",
    "type": "h",
    "from": "熔炉",
    "from_who": "孔枝泳",
    "creator": "回望云迷麓",
    "creator_uid": 8629,
    "reviewer": 1,
    "commit_from": "web",
    "created_at": "1614524862",
    "length": 26
  },
  {
    "id": 7193,
    "uuid": "d1b1020a-654c-4133-8e1e-bbf517ea4223",
    "hitokoto": "为什么我眼睛一睁开，你就不是我的了。",
    "type": "h",
    "from": "被偷走的那五年",
    "from_who": "寂落白",
    "creator": "yudong_820",
    "creator_uid": 8663,
    "reviewer": 1,
    "commit_from": "web",
    "created_at": "1615031769",
    "length": 18
  },
  {
    "id": 7305,
    "uuid": "b6170b83-7b60-43e5-aeb9-0917a4f2f2ce",
    "hitokoto": "人们宁愿去关心一个蹩脚电影演员的吃喝拉撒和鸡毛蒜皮，而不愿了解一个普通人波涛汹涌的内心世界。",
    "type": "h",
    "from": "平凡的世界",
    "from_who": "路遥",
    "creator": "Hacbox",
    "creator_uid": 8608,
    "reviewer": 9975,
    "commit_from": "web",
    "created_at": "1616906415",
    "length": 46
  },
  {
    "id": 7309,
    "uuid": "14c04652-fc78-4e9f-82b8-f6db87766cb6",
    "hitokoto": "就算是堕落浪子，也能力挽狂澜。",
    "type": "h",
    "from": "网剧棋魂",
    "from_who": "方绪",
    "creator": "方栩栩",
    "creator_uid": 7486,
    "reviewer": 9975,
    "commit_from": "web",
    "created_at": "1619248402",
    "length": 15
  },
  {
    "id": 7310,
    "uuid": "e0bbfce5-f0b7-4cfe-8475-e2978141093b",
    "hitokoto": "如果你执意追逐我的幻影，迟早会被真正的我打败。",
    "type": "h",
    "from": "棋魂",
    "from_who": "时光",
    "creator": "方栩栩",
    "creator_uid": 7486,
    "reviewer": 9975,
    "commit_from": "web",
    "created_at": "1619248191",
    "length": 23
  },
  {
    "id": 7314,
    "uuid": "ea356e81-f212-44a1-8e3c-a70786be040b",
    "hitokoto": "我眺望远方的山峰，却错过转弯的路口，蓦然回首，才发现你在等我，没离开过。",
    "type": "h",
    "from": "没离开过",
    "from_who": "楼南蔚",
    "creator": "赵航锐",
    "creator_uid": 9153,
    "reviewer": 9975,
    "commit_from": "web",
    "created_at": "1619790579",
    "length": 36
  },
  {
    "id": 7315,
    "uuid": "86b88bdf-5c71-46d6-b3b8-7c1b9178169f",
    "hitokoto": "我寻找大海的尽头，却忽略蜿蜒的河流，当我逆水行舟，你在我左右，推着我走。",
    "type": "h",
    "from": "没离开过",
    "from_who": "楼南蔚",
    "creator": "赵航锐",
    "creator_uid": 9153,
    "reviewer": 9975,
    "commit_from": "web",
    "created_at": "1619790629",
    "length": 36
  },
  {
    "id": 7352,
    "uuid": "80272b68-cd62-4441-b358-43045f18b498",
    "hitokoto": "Control is Power.",
    "type": "h",
    "from": "辛德勒的名单",
    "from_who": "奥斯卡·辛德勒",
    "creator": "5N2A",
    "creator_uid": 9466,
    "reviewer": 4756,
    "commit_from": "web",
    "created_at": "1623125876",
    "length": 17
  },
  {
    "id": 7415,
    "uuid": "d1761edd-bfa7-4335-95d7-7bb6e761ee29",
    "hitokoto": "这瓜多少钱一斤？",
    "type": "h",
    "from": "征服",
    "from_who": "刘华强",
    "creator": "jigeshuohua",
    "creator_uid": 10371,
    "reviewer": 1,
    "commit_from": "web",
    "created_at": "1632695247",
    "length": 8
  },
  {
    "id": 7430,
    "uuid": "4df6834a-b1d6-4f7a-8325-c020debbea05",
    "hitokoto": "你呢，是这辈子没故事，想拥有一段故事，我呢，是故事太多，想给故事一个结局。",
    "type": "h",
    "from": "飞驰认识",
    "from_who": "韩寒",
    "creator": "smallxu",
    "creator_uid": 2639,
    "reviewer": 1044,
    "commit_from": "web",
    "created_at": "1618661843",
    "length": 37
  },
  {
    "id": 7434,
    "uuid": "d6eb2fdb-dade-4ab7-8952-edf50d0f98e6",
    "hitokoto": "每一局棋，都象征着世间万物的运转规律。一招一式，变化无穷，它应该是自由的，我们也是自由的。",
    "type": "h",
    "from": "网剧棋魂",
    "from_who": "褚嬴",
    "creator": "方栩栩",
    "creator_uid": 7486,
    "reviewer": 1044,
    "commit_from": "web",
    "created_at": "1619248253",
    "length": 45
  },
  {
    "id": 7435,
    "uuid": "c4fa0c3c-7335-4ff8-806f-f003ad7d8b09",
    "hitokoto": "有的人，袖里能定乾坤；有的人，春风桃李，俯首为火种；有的人，浪子回头，成为星河里最亮的一颗。",
    "type": "h",
    "from": "网剧棋魂",
    "from_who": "褚嬴",
    "creator": "方栩栩",
    "creator_uid": 7486,
    "reviewer": 1044,
    "commit_from": "web",
    "created_at": "1619248362",
    "length": 46
  },
  {
    "id": 7436,
    "uuid": "fffee04f-0b0f-4738-8e4e-b01cc5293db3",
    "hitokoto": "当你真正想做成一件事情的时候，就连天地万物都会帮你。",
    "type": "h",
    "from": "网剧棋魂",
    "from_who": "褚嬴",
    "creator": "方栩栩",
    "creator_uid": 7486,
    "reviewer": 1044,
    "commit_from": "web",
    "created_at": "1619248686",
    "length": 26
  },
  {
    "id": 7480,
    "uuid": "e41b88f7-8316-4a70-9072-2d03ac00fdc9",
    "hitokoto": "有时候不能指望别人理解你的委屈，感同身受这个东西，这个世界上不存在。",
    "type": "h",
    "from": "我在他乡挺好的",
    "from_who": "南嘉",
    "creator": "慕凯viel",
    "creator_uid": 10019,
    "reviewer": 4756,
    "commit_from": "web",
    "created_at": "1628321412",
    "length": 34
  },
  {
    "id": 7620,
    "uuid": "81ad536a-5600-4f27-ad4c-5a5ca39454b4",
    "hitokoto": "人们往往为了逃避一个错误而去犯另一个错误，既然很多错误无法回避，何必让悔恨埋葬你的人生呢。与其逃来逃去，还不如面对一个。",
    "type": "h",
    "from": "爱情公寓",
    "from_who": "吕子乔",
    "creator": "小柒ing",
    "creator_uid": 3783,
    "reviewer": 4756,
    "commit_from": "web",
    "created_at": "1636006443",
    "length": 60
  },
  {
    "id": 7625,
    "uuid": "16a30b82-4e3d-4c5c-9a44-84f7c398ea93",
    "hitokoto": "她轻轻唱起来宛如天籁，让我的梦似翅膀心似海。",
    "type": "h",
    "from": "天边外",
    "from_who": "关山",
    "creator": "赵航锐",
    "creator_uid": 9153,
    "reviewer": 1,
    "commit_from": "web",
    "created_at": "1619791161",
    "length": 22
  },
  {
    "id": 7632,
    "uuid": "4e0fab45-87df-4b9d-be9f-fe7921332ae3",
    "hitokoto": "When all is lost, then all is found.",
    "type": "h",
    "from": "Frozen II",
    "from_who": null,
    "creator": "Arendellian13",
    "creator_uid": 9173,
    "reviewer": 1,
    "commit_from": "web",
    "created_at": "1620016274",
    "length": 36
  },
  {
    "id": 7683,
    "uuid": "58a9dc0e-1fe6-46d0-9063-1e39242d2b3a",
    "hitokoto": "隔岸无旧情，姑苏有钟声。",
    "type": "h",
    "from": "地尽头",
    "from_who": "林夕",
    "creator": "chuchu-z",
    "creator_uid": 9201,
    "reviewer": 1044,
    "commit_from": "web",
    "created_at": "1620288404",
    "length": 12
  },
  {
    "id": 7720,
    "uuid": "03bf596c-8d42-47fe-acdb-5ed8ffd070e5",
    "hitokoto": "这短短的一生我们终将会失去，你不妨大胆一点，爱一个人，攀一座山，追一个梦。",
    "type": "h",
    "from": "大鱼海棠",
    "from_who": null,
    "creator": "陈弋函",
    "creator_uid": 10950,
    "reviewer": 1,
    "commit_from": "web",
    "created_at": "1638460749",
    "length": 37
  },
  {
    "id": 7734,
    "uuid": "0803281d-31ca-49e4-a32d-a13a45b9882a",
    "hitokoto": "爱情不是一个拼图，是一个圆碰到另一个圆。",
    "type": "h",
    "from": "非正式会谈",
    "from_who": "陈铭",
    "creator": "Yanser",
    "creator_uid": 11286,
    "reviewer": 4756,
    "commit_from": "web",
    "created_at": "1642492018",
    "length": 20
  },
  {
    "id": 7759,
    "uuid": "ca05d8f0-f60e-4587-985b-5b69277183b5",
    "hitokoto": "哪一场仗不难打，越难打，就更要打。",
    "type": "h",
    "from": "长津湖之水门桥",
    "from_who": "余从戎",
    "creator": "sansko",
    "creator_uid": 11374,
    "reviewer": 4756,
    "commit_from": "web",
    "created_at": "1643855215",
    "length": 17
  },
  {
    "id": 7846,
    "uuid": "4676ef87-b916-4013-a6c6-4ba49b05b1d3",
    "hitokoto": "其实我们无处可去，身上背负着伤痛，没有救赎，没有解脱，可这才是人生啊。",
    "type": "h",
    "from": "海边的曼彻斯特",
    "from_who": "肯尼斯·罗纳根",
    "creator": "染屿",
    "creator_uid": 11938,
    "reviewer": 4756,
    "commit_from": "web",
    "created_at": "1649294181",
    "length": 35
  },
  {
    "id": 7919,
    "uuid": "a1fc8540-a087-47d3-bb65-49c828e19b70",
    "hitokoto": "一切已失去，不可以再追。",
    "type": "h",
    "from": "梦伴",
    "from_who": "梅艳芳",
    "creator": "泠洋",
    "creator_uid": 12623,
    "reviewer": 1,
    "commit_from": "web",
    "created_at": "1657937208",
    "length": 12
  },
  {
    "id": 7920,
    "uuid": "f640173b-2d8f-404b-a5e3-3b036bea565b",
    "hitokoto": "所谓宿命，其实都是最好的安排。",
    "type": "h",
    "from": "将夜",
    "from_who": null,
    "creator": "nullpoint",
    "creator_uid": 12554,
    "reviewer": 1,
    "commit_from": "web",
    "created_at": "1657006768",
    "length": 15
  },
  {
    "id": 7931,
    "uuid": "43295126-b69a-48dc-a231-2f3857c4c0b9",
    "hitokoto": "其实失去，只是痛那么一下而已；如果不这么痛一下，怎么会知道这痛其实不算什么。",
    "type": "h",
    "from": "铠甲勇士",
    "from_who": "乔奢费",
    "creator": "幻想一笑而过",
    "creator_uid": 11760,
    "reviewer": 1,
    "commit_from": "web",
    "created_at": "1657768529",
    "length": 38
  },
  {
    "id": 7933,
    "uuid": "4dc7452f-ab92-4006-9530-5191d4b23dd7",
    "hitokoto": "让子弹飞一会儿！",
    "type": "h",
    "from": "让子弹飞",
    "from_who": "张麻子",
    "creator": "雨外",
    "creator_uid": 12290,
    "reviewer": 1,
    "commit_from": "web",
    "created_at": "1657371272",
    "length": 8
  },
  {
    "id": 7947,
    "uuid": "fba5a69a-ef5a-46fe-8b8f-e428a7ecce78",
    "hitokoto": "人是万灵之长，智慧的差异是很小的，经历本身也是文化。",
    "type": "h",
    "from": "牧马人",
    "from_who": null,
    "creator": "•᷄ࡇ•᷅",
    "creator_uid": 11568,
    "reviewer": 1,
    "commit_from": "app",
    "created_at": "1656381821",
    "length": 26
  },
  {
    "id": 8051,
    "uuid": "3e1b94b5-a478-42da-8ebd-d3a1300a0425",
    "hitokoto": "当你足够期待失望时，你就永远不会失望。",
    "type": "h",
    "from": "蜘蛛侠：英雄无归",
    "from_who": "MJ",
    "creator": "保底全歪真君",
    "creator_uid": 11456,
    "reviewer": 1,
    "commit_from": "web",
    "created_at": "1644389751",
    "length": 19
  },
  {
    "id": 8197,
    "uuid": "d800b09e-9923-4613-9735-776bf9412dfb",
    "hitokoto": "老子就是一门炮。",
    "type": "h",
    "from": "长津湖之水门桥",
    "from_who": "伍万里",
    "creator": "sansko",
    "creator_uid": 11374,
    "reviewer": 1,
    "commit_from": "web",
    "created_at": "1643855284",
    "length": 8
  },
  {
    "id": 8207,
    "uuid": "165bfb96-9231-439d-9e45-4c3baf9799df",
    "hitokoto": "It is our choices that show what we truly are, far more than our abilities.",
    "type": "h",
    "from": "哈利波特",
    "from_who": "J.K. Rowling",
    "creator": "gamma",
    "creator_uid": 11602,
    "reviewer": 1,
    "commit_from": "web",
    "created_at": "1645924259",
    "length": 75
  },
  {
    "id": 8257,
    "uuid": "fe98627a-6e1d-4354-ab91-64dfa20721fd",
    "hitokoto": "阶砖不会拒绝磨蚀，窗花不可幽禁落霞。",
    "type": "h",
    "from": "喜帖街",
    "from_who": "黄伟文",
    "creator": "hitoha",
    "creator_uid": 12720,
    "reviewer": 1,
    "commit_from": "web",
    "created_at": "1658848518",
    "length": 18
  },
  {
    "id": 8305,
    "uuid": "fafc831b-4054-45dd-b72f-3b113bdae37d",
    "hitokoto": "经过上千年的修炼，你学到的就是这个吗？",
    "type": "h",
    "from": "神龙许愿",
    "from_who": "神龙许愿",
    "creator": "os7blue",
    "creator_uid": 1209,
    "reviewer": 1,
    "commit_from": "web",
    "created_at": "1646283736",
    "length": 19
  },
  {
    "id": 8310,
    "uuid": "3b57660d-ab4a-4b80-8b58-165c249489b0",
    "hitokoto": "恋爱本质不是走向婚姻，而是探究最真实的自己。",
    "type": "h",
    "from": "青春杂货铺",
    "from_who": null,
    "creator": "雅涵凝",
    "creator_uid": 4692,
    "reviewer": 1,
    "commit_from": "web",
    "created_at": "1632637542",
    "length": 22
  },
  {
    "id": 8339,
    "uuid": "4732a4bf-3ccd-4caa-9e24-c5e5e98e1804",
    "hitokoto": "会不会我们的青春，只是一个关于追求更好的途中，却失去最好的故事。",
    "type": "h",
    "from": "你值得更好的",
    "from_who": "佚名",
    "creator": "一只上上签",
    "creator_uid": 8825,
    "reviewer": 1,
    "commit_from": "web",
    "created_at": "1629129518",
    "length": 32
  },
  {
    "id": 8349,
    "uuid": "b766ab68-4630-4c87-875c-307755385716",
    "hitokoto": "世上无魔便无佛，如果没有失败，他们怎么会珍惜胜利的感觉呢，赢一场跟输一场是一样的，都是他们人生轨迹上的重要转折点。",
    "type": "h",
    "from": "爱情公寓",
    "from_who": "曾小贤",
    "creator": "小柒ing",
    "creator_uid": 3783,
    "reviewer": 1,
    "commit_from": "web",
    "created_at": "1636006875",
    "length": 57
  },
  {
    "id": 8371,
    "uuid": "64647e50-cf82-4eac-9e90-d94fcb75dc6e",
    "hitokoto": "你是故意找茬是不是？",
    "type": "h",
    "from": "征服",
    "from_who": "华强",
    "creator": "EN",
    "creator_uid": 10800,
    "reviewer": 1,
    "commit_from": "web",
    "created_at": "1638587166",
    "length": 10
  },
  {
    "id": 8466,
    "uuid": "3d5e156c-bf02-4a60-9de2-6854306eec45",
    "hitokoto": "我没有梦想，但我可以守护别人的梦想！",
    "type": "h",
    "from": "假面骑士faiz",
    "from_who": "乾巧",
    "creator": "BISHOP",
    "creator_uid": 12843,
    "reviewer": 1,
    "commit_from": "web",
    "created_at": "1660545988",
    "length": 18
  },
  {
    "id": 8469,
    "uuid": "8855c6fa-5145-4a1d-b8c1-b92910fc38f0",
    "hitokoto": "极霸矛，湘阿痕响啊。",
    "type": "h",
    "from": "中华inm",
    "from_who": "王爷",
    "creator": "老z",
    "creator_uid": 12291,
    "reviewer": 1,
    "commit_from": "web",
    "created_at": "1652019004",
    "length": 10
  },
  {
    "id": 8481,
    "uuid": "e87d26e4-7b57-4896-9be0-a5319861b00e",
    "hitokoto": "我只是个路过的假面骑士。",
    "type": "h",
    "from": "假面骑士decade",
    "from_who": "门矢士",
    "creator": "BISHOP",
    "creator_uid": 12843,
    "reviewer": 1,
    "commit_from": "web",
    "created_at": "1660540829",
    "length": 12
  },
  {
    "id": 8590,
    "uuid": "652fbc94-bf6f-4ff3-8c28-4e4f6a5c82b8",
    "hitokoto": "无聊的并不是时间，而是平庸无奇的我。",
    "type": "h",
    "from": "樱花庄的宠物女孩",
    "from_who": "樱花庄的宠物女孩​",
    "creator": "空白",
    "creator_uid": 11420,
    "reviewer": 1,
    "commit_from": "web",
    "created_at": "1644009745",
    "length": 18
  },
  {
    "id": 8620,
    "uuid": "dbd58aaf-93fc-4321-818e-41281f90d5ab",
    "hitokoto": "生活，就是生出来活下去，其它都是浮云，活的潇洒一点。",
    "type": "h",
    "from": "爱情公寓",
    "from_who": "吕小布",
    "creator": "小柒ing",
    "creator_uid": 3783,
    "reviewer": 1,
    "commit_from": "web",
    "created_at": "1636006723",
    "length": 26
  },
  {
    "id": 8621,
    "uuid": "cf3f2463-c593-420b-a002-d066c69917cf",
    "hitokoto": "我的人生没有彩排，每天都是现场直播。",
    "type": "h",
    "from": "爱情公寓",
    "from_who": "吕小布",
    "creator": "小柒ing",
    "creator_uid": 3783,
    "reviewer": 1,
    "commit_from": "web",
    "created_at": "1636006581",
    "length": 18
  },
  {
    "id": 8626,
    "uuid": "6c804a78-5453-486f-873f-f9275dfd9c12",
    "hitokoto": "人们往往用逃避来解决问题，可我们要承认，每个硬币都有它的另一面。",
    "type": "h",
    "from": "爱情公寓",
    "from_who": "唐悠悠",
    "creator": "小柒ing",
    "creator_uid": 3783,
    "reviewer": 1,
    "commit_from": "web",
    "created_at": "1636351948",
    "length": 32
  },
  {
    "id": 8640,
    "uuid": "3bf6fac0-7406-4ce1-bc2e-6153d4abf36c",
    "hitokoto": "我觉得这个世上这么多人，可是没有人想听我讲话。",
    "type": "h",
    "from": "后会无期",
    "from_who": null,
    "creator": "怀柔",
    "creator_uid": 11140,
    "reviewer": 1,
    "commit_from": "web",
    "created_at": "1640797431",
    "length": 23
  },
  {
    "id": 8705,
    "uuid": "b45db165-111b-4ef8-a171-193c09ec2ae7",
    "hitokoto": "记忆是痛苦的根源。",
    "type": "h",
    "from": "功夫",
    "from_who": "周星驰",
    "creator": "acheing",
    "creator_uid": 11190,
    "reviewer": 1,
    "commit_from": "web",
    "created_at": "1644460005",
    "length": 9
  },
  {
    "id": 8763,
    "uuid": "ea6df56b-f24f-4de0-9cd8-24c86a38c9d3",
    "hitokoto": "这两个过早的品尝了人世沧桑的孩子一见如故。",
    "type": "h",
    "from": "神奇动物在哪里",
    "from_who": "J.K.罗琳",
    "creator": "Akino",
    "creator_uid": 12209,
    "reviewer": 1,
    "commit_from": "web",
    "created_at": "1651298447",
    "length": 21
  },
  {
    "id": 8766,
    "uuid": "9efa5599-7ea5-4397-9c1a-3ccaf2f0bc66",
    "hitokoto": "本杰明，我们命中注定要失去所爱之人， 不然我们怎么知道，他们在我们的生命中有多重要？",
    "type": "h",
    "from": "返老还童",
    "from_who": null,
    "creator": "Yougt",
    "creator_uid": 12199,
    "reviewer": 1,
    "commit_from": "web",
    "created_at": "1651222927",
    "length": 42
  },
  {
    "id": 8830,
    "uuid": "7bae0c37-e3bb-49ec-be4b-3d9dfbcdf6db",
    "hitokoto": "我要打倒最可怕的邪恶，难免要撕去虚假正义的薄薄糖衣。",
    "type": "h",
    "from": "铠甲勇士",
    "from_who": "路法",
    "creator": "幻想一笑而过",
    "creator_uid": 11760,
    "reviewer": 1,
    "commit_from": "web",
    "created_at": "1649475280",
    "length": 26
  },
  {
    "id": 8838,
    "uuid": "d7c9f8a4-1c78-4edb-ab56-b1d4f2a9908d",
    "hitokoto": "什么叫正义，正义就是那些赢家所说的冠冕堂皇的话，如果你是个输家，就没什么正义！",
    "type": "h",
    "from": "铠甲勇士",
    "from_who": "路法",
    "creator": "幻想一笑而过",
    "creator_uid": 11760,
    "reviewer": 1,
    "commit_from": "web",
    "created_at": "1649475352",
    "length": 39
  },
  {
    "id": 8839,
    "uuid": "8276ddf5-a0b8-48d8-9cd3-a7469d866c20",
    "hitokoto": "智慧需要沉淀，积累才能够饱满。",
    "type": "h",
    "from": "铠甲勇士",
    "from_who": "路法",
    "creator": "幻想一笑而过",
    "creator_uid": 11760,
    "reviewer": 1,
    "commit_from": "web",
    "created_at": "1649475394",
    "length": 15
  },
  {
    "id": 8840,
    "uuid": "0aab7abd-45a5-4584-b5ca-512a881adf0a",
    "hitokoto": "自满必定失败，骄傲必定后悔。",
    "type": "h",
    "from": "铠甲勇士",
    "from_who": "路法",
    "creator": "幻想一笑而过",
    "creator_uid": 11760,
    "reviewer": 1,
    "commit_from": "web",
    "created_at": "1649475459",
    "length": 14
  },
  {
    "id": 8857,
    "uuid": "cb0e8055-5b08-4b44-a373-14bfb9848856",
    "hitokoto": "亲近你的朋友，但更要亲近你的敌人。",
    "type": "h",
    "from": "教父2",
    "from_who": null,
    "creator": "Bambi5",
    "creator_uid": 13002,
    "reviewer": 1,
    "commit_from": "web",
    "created_at": "1662738249",
    "length": 17
  },
  {
    "id": 8864,
    "uuid": "da58967b-3817-4a73-b750-8a9a0bca2d54",
    "hitokoto": "没有值不值得，只有愿不愿意。",
    "type": "h",
    "from": "择天记",
    "from_who": "徐有容",
    "creator": "情话.",
    "creator_uid": 7164,
    "reviewer": 1,
    "commit_from": "web",
    "created_at": "1662876303",
    "length": 14
  },
  {
    "id": 8894,
    "uuid": "38216897-bd4d-4f95-be5b-a64a5a7641ca",
    "hitokoto": "如果你的人生只有柠檬，不妨配盐喝点龙舌兰。",
    "type": "h",
    "from": "我是谁：没有绝对安全的系统",
    "from_who": null,
    "creator": "1337",
    "creator_uid": 11321,
    "reviewer": 1,
    "commit_from": "web",
    "created_at": "1664974336",
    "length": 21
  },
  {
    "id": 8897,
    "uuid": "2797783c-e791-44e4-a912-f345aee754c0",
    "hitokoto": "世界上有太多孤独的人害怕先踏出第一步。",
    "type": "h",
    "from": "绿皮书",
    "from_who": null,
    "creator": "Avocadooo",
    "creator_uid": 13175,
    "reviewer": 1,
    "commit_from": "web",
    "created_at": "1665138564",
    "length": 19
  },
  {
    "id": 8902,
    "uuid": "c8a36845-21a6-4b9a-8784-aaf9def7861e",
    "hitokoto": "人类把最精密的保密系统，都用在了自我毁灭上。",
    "type": "h",
    "from": "流浪地球2",
    "from_who": null,
    "creator": "jonathanqwq",
    "creator_uid": 14101,
    "reviewer": 1,
    "commit_from": "web",
    "created_at": "1674896997",
    "length": 22
  },
  {
    "id": 8903,
    "uuid": "703b4213-62cb-4f01-a2af-996d1426ce04",
    "hitokoto": "我相信，人类的勇气可以跨越时间，跨越每一个历史，当下和未来；我相信 ，我们的人一定可以完成任务，无论虚实，不计存亡。",
    "type": "h",
    "from": "流浪地球2",
    "from_who": null,
    "creator": "jonathanqwq",
    "creator_uid": 14101,
    "reviewer": 1,
    "commit_from": "web",
    "created_at": "1674896911",
    "length": 58
  },
  {
    "id": 8923,
    "uuid": "96762377-c0c5-4840-b429-4c7e7f5a589b",
    "hitokoto": "沉湎于虚幻的梦想，而忘记现实的生活，这是毫无意义的，千万记住。",
    "type": "h",
    "from": "哈利•波特与魔法石",
    "from_who": "阿布思•邓布利多",
    "creator": "SunMun",
    "creator_uid": 13252,
    "reviewer": 1044,
    "commit_from": "web",
    "created_at": "1666962318",
    "length": 31
  },
  {
    "id": 8925,
    "uuid": "357b613e-f488-4475-b631-7b8e89f2a830",
    "hitokoto": "叶底藏花一度，梦里踏雪几回。",
    "type": "h",
    "from": "一代宗师",
    "from_who": null,
    "creator": "fqxxx",
    "creator_uid": 12346,
    "reviewer": 1044,
    "commit_from": "app",
    "created_at": "1667062821",
    "length": 14
  },
  {
    "id": 8927,
    "uuid": "3cf40f7f-cbae-4cd6-ad9f-c9beaa1ede65",
    "hitokoto": "不气盛能叫年轻人吗？",
    "type": "h",
    "from": "征服",
    "from_who": "刘华强",
    "creator": "idad wind",
    "creator_uid": 13374,
    "reviewer": 1044,
    "commit_from": "web",
    "created_at": "1667474645",
    "length": 10
  },
  {
    "id": 8953,
    "uuid": "87ae0ca6-ef41-4705-a97b-7c8373044060",
    "hitokoto": "一个女孩知道了怎么去模仿女人，并不代表她真的准备好做女人了。",
    "type": "h",
    "from": "水果硬糖",
    "from_who": "海莉",
    "creator": "748you",
    "creator_uid": 13265,
    "reviewer": 1044,
    "commit_from": "web",
    "created_at": "1666244945",
    "length": 30
  },
  {
    "id": 8993,
    "uuid": "cfd9dfa6-4a35-48c9-bd18-f96ba9d55fc7",
    "hitokoto": "死亡不是生命的终点，遗忘才是。",
    "type": "h",
    "from": "寻梦环游记",
    "from_who": null,
    "creator": "Toserk",
    "creator_uid": 13198,
    "reviewer": 1044,
    "commit_from": "web",
    "created_at": "1665491485",
    "length": 15
  },
  {
    "id": 9052,
    "uuid": "703dc7b6-8e52-4112-b58c-967f29141c54",
    "hitokoto": "A gentleman's quote is a gentleman's word.",
    "type": "h",
    "from": "Henry Golding",
    "from_who": "Dry Eye",
    "creator": "tqdat",
    "creator_uid": 13201,
    "reviewer": 1044,
    "commit_from": "web",
    "created_at": "1665541115",
    "length": 42
  },
  {
    "id": 9095,
    "uuid": "13767f28-02ed-4b30-8b6f-287b9847442b",
    "hitokoto": "服下红色药丸吧，那是自由的象征。",
    "type": "h",
    "from": "黑客帝国",
    "from_who": null,
    "creator": "幻想一笑而过",
    "creator_uid": 11760,
    "reviewer": 1044,
    "commit_from": "web",
    "created_at": "1669819045",
    "length": 16
  },
  {
    "id": 9142,
    "uuid": "d362384f-8db7-4c2e-9bb7-ffe906395a63",
    "hitokoto": "结局是什么，我们自己决定！",
    "type": "h",
    "from": "明日战记",
    "from_who": "郑重生",
    "creator": "Jerry",
    "creator_uid": 13499,
    "reviewer": 4756,
    "commit_from": "web",
    "created_at": "1672677945",
    "length": 13
  },
  {
    "id": 9153,
    "uuid": "0a781934-925a-4b2f-bd3c-d9b752aa2b59",
    "hitokoto": "没有人的文明毫无意义。",
    "type": "h",
    "from": "流浪地球2",
    "from_who": "马兆",
    "creator": "Jerry",
    "creator_uid": 13499,
    "reviewer": 4756,
    "commit_from": "web",
    "created_at": "1674405082",
    "length": 11
  },
  {
    "id": 9155,
    "uuid": "350070cb-762e-43e3-9871-45cc4dcdb79b",
    "hitokoto": "为难当前，唯有责任。",
    "type": "h",
    "from": "流浪地球2",
    "from_who": "周喆直",
    "creator": "Jerry",
    "creator_uid": 13499,
    "reviewer": 4756,
    "commit_from": "web",
    "created_at": "1675171086",
    "length": 10
  },
  {
    "id": 9163,
    "uuid": "1d23bcb8-53b9-4a5b-b902-32960aef9cf6",
    "hitokoto": "远离亲人，我很遗憾，但这是我不得不做的事情。",
    "type": "h",
    "from": "流浪地球2",
    "from_who": "刘培强",
    "creator": "Jerry",
    "creator_uid": 13499,
    "reviewer": 4756,
    "commit_from": "web",
    "created_at": "1675328395",
    "length": 22
  },
  {
    "id": 9185,
    "uuid": "064552cf-8bb6-41dc-89d4-0fae1e751ea7",
    "hitokoto": "我信，我的孩子会信，孩子的孩子会信，我相信会再次看到蓝天，鲜花挂满枝头。",
    "type": "h",
    "from": "流浪地球2",
    "from_who": "周喆直",
    "creator": "rickyxrc",
    "creator_uid": 14316,
    "reviewer": 4756,
    "commit_from": "web",
    "created_at": "1677673372",
    "length": 36
  },
  {
    "id": 9186,
    "uuid": "7ef0aa61-fca5-4da8-8a91-bc64659b7444",
    "hitokoto": "你想走，就请立马抽刀，爱一笔勾销。",
    "type": "h",
    "from": "缘分一道桥",
    "from_who": "方文山",
    "creator": "虞禹余也",
    "creator_uid": 14174,
    "reviewer": 4756,
    "commit_from": "web",
    "created_at": "1675839309",
    "length": 17
  },
  {
    "id": 9192,
    "uuid": "f3698db7-8d03-4a12-982f-4e742b0a051d",
    "hitokoto": "一万五千年前，一根愈合的人类股骨，标志着人类文明的诞生；一万五千年后，当太阳系将不复存在，人类的团结与勇气将延续文明的火种。",
    "type": "h",
    "from": "流浪地球2",
    "from_who": null,
    "creator": "jonathanqwq",
    "creator_uid": 14101,
    "reviewer": 1044,
    "commit_from": "web",
    "created_at": "1674896931",
    "length": 62
  },
  {
    "id": 9212,
    "uuid": "694b81c1-4d73-4ce6-bbdd-fe8cd17ff92a",
    "hitokoto": "闪烁的灯光是我在异世界大声地呼唤你。",
    "type": "h",
    "from": "怪奇物语",
    "from_who": null,
    "creator": "阿帕契的少女",
    "creator_uid": 13207,
    "reviewer": 1044,
    "commit_from": "web",
    "created_at": "1675852905",
    "length": 18
  },
  {
    "id": 9213,
    "uuid": "aac08171-07a0-4f95-8984-53b58f55525c",
    "hitokoto": "风声细碎烛影乱，相思浓时情转淡。",
    "type": "h",
    "from": "月中天",
    "from_who": "陈涛",
    "creator": "虞禹余也",
    "creator_uid": 14174,
    "reviewer": 1044,
    "commit_from": "web",
    "created_at": "1675925541",
    "length": 16
  },
  {
    "id": 9232,
    "uuid": "2a88a14d-02b7-4102-8a9a-7978a70819c5",
    "hitokoto": "希望你今后的每一次笑，都是真心的。",
    "type": "h",
    "from": "深海",
    "from_who": "南河",
    "creator": "Jerry",
    "creator_uid": 13499,
    "reviewer": 4756,
    "commit_from": "web",
    "created_at": "1676799363",
    "length": 17
  },
  {
    "id": 9241,
    "uuid": "a444bb92-9800-4b8e-a3ab-054ade2e78a2",
    "hitokoto": "生活和漫画里面的那种热血还是不一样的。",
    "type": "h",
    "from": "影视飓风",
    "from_who": "Tim",
    "creator": "wssb",
    "creator_uid": 14374,
    "reviewer": 4756,
    "commit_from": "web",
    "created_at": "1679128135",
    "length": 19
  },
  {
    "id": 9253,
    "uuid": "a1a70452-96c9-457f-b957-3589a4d89da9",
    "hitokoto": "贾维斯，在我们学会走之前，要先学会跑！",
    "type": "h",
    "from": "钢铁侠",
    "from_who": "托尼·斯塔克",
    "creator": "空吧",
    "creator_uid": 14633,
    "reviewer": 4756,
    "commit_from": "web",
    "created_at": "1681557147",
    "length": 19
  },
  {
    "id": 9261,
    "uuid": "85b49df0-e102-4f41-9b7e-8d837755a360",
    "hitokoto": "人生总是那么痛苦吗?还是只有小时候是这样?",
    "type": "h",
    "from": "这个杀手不太冷",
    "from_who": "玛蒂达",
    "creator": "上冬十二",
    "creator_uid": 14312,
    "reviewer": 4756,
    "commit_from": "web",
    "created_at": "1681801317",
    "length": 21
  },
  {
    "id": 9262,
    "uuid": "c85b9618-c969-4f66-bda4-3cb22330a9f8",
    "hitokoto": "我会和命运战斗，并且战胜给你看！",
    "type": "h",
    "from": "假面骑士·剑",
    "from_who": "剑崎一真",
    "creator": "banzong",
    "creator_uid": 14680,
    "reviewer": 4756,
    "commit_from": "web",
    "created_at": "1682088739",
    "length": 16
  },
  {
    "id": 9263,
    "uuid": "94af1a66-ee11-4651-bb66-bbbd43259871",
    "hitokoto": "总有一天你会笑着说出曾经令你痛苦的事情。",
    "type": "h",
    "from": "肖申克的救赎",
    "from_who": null,
    "creator": "wcz1459",
    "creator_uid": 13629,
    "reviewer": 1044,
    "commit_from": "web",
    "created_at": "1696064559",
    "length": 20
  }
]