[
  {
    "id": 5066,
    "uuid": "26bb655c-a503-40ff-98da-4eba9fc229a2",
    "hitokoto": "每个人的生命都由秒来计算，因为你永远都不知道下一秒会发生什么。",
    "type": "l",
    "from": "网易云热评",
    "from_who": null,
    "creator": "hasty",
    "creator_uid": 4575,
    "reviewer": 4756,
    "commit_from": "web",
    "created_at": "1581833771",
    "length": 31
  },
  {
    "id": 7027,
    "uuid": "816300ab-19ee-4034-b607-eb033a7966ec",
    "hitokoto": "一朝耍流氓，十年挂南墙；不乖的孩子统统都要打屁股；越狱是不可能越狱的，这辈子是不可能越狱的。",
    "type": "l",
    "from": "bilibili小黑屋",
    "from_who": null,
    "creator": "张一",
    "creator_uid": 5013,
    "reviewer": 1044,
    "commit_from": "web",
    "created_at": "1613058468",
    "length": 46
  },
  {
    "id": 7702,
    "uuid": "2ed9839f-d90e-48b3-8a6c-8e2f9b8c3e16",
    "hitokoto": "实变函数学十遍，泛函学完心泛寒。",
    "type": "l",
    "from": "数学系名言",
    "from_who": null,
    "creator": "Kyanite",
    "creator_uid": 8042,
    "reviewer": 1044,
    "commit_from": "web",
    "created_at": "1620992330",
    "length": 16
  },
  {
    "id": 8035,
    "uuid": "d4ea5c57-bd64-4b9c-81a1-3035bc059b43",
    "hitokoto": "没有BUG的代码是不完美的！",
    "type": "l",
    "from": "Sodium_Sulfate",
    "from_who": "Sodium_Sulfate",
    "creator": "Sodium_Sulfate",
    "creator_uid": 12666,
    "reviewer": 1,
    "commit_from": "web",
    "created_at": "1658485841",
    "length": 14
  },
  {
    "id": 8081,
    "uuid": "ba8451c0-dae3-4cc0-9f6b-d0e8b3a606db",
    "hitokoto": "人生三大错觉，我能反杀，下一发能出金，她喜欢我。",
    "type": "l",
    "from": "现实",
    "from_who": "林清凝",
    "creator": "Soiltary、K",
    "creator_uid": 3915,
    "reviewer": 1,
    "commit_from": "app",
    "created_at": "1630990186",
    "length": 24
  },
  {
    "id": 8238,
    "uuid": "10c13017-f52c-441e-b505-26bf0165bd6f",
    "hitokoto": "趁着年轻，好好犯病。",
    "type": "l",
    "from": "he",
    "from_who": "he",
    "creator": "heiheihei",
    "creator_uid": 12105,
    "reviewer": 1,
    "commit_from": "web",
    "created_at": "1650449640",
    "length": 10
  },
  {
    "id": 8239,
    "uuid": "b61c8177-327f-4e7d-b5ad-4cea6ae946d7",
    "hitokoto": "有情人终成眷属，没钱人亲眼目睹。",
    "type": "l",
    "from": "互联网",
    "from_who": "快手评论",
    "creator": "•᷄ࡇ•᷅",
    "creator_uid": 11568,
    "reviewer": 1,
    "commit_from": "app",
    "created_at": "1650442453",
    "length": 16
  },
  {
    "id": 8240,
    "uuid": "59bf9f05-bc9e-4559-8e4a-e5cab921ad66",
    "hitokoto": "欲买桂花同载酒，荒泷天下第一斗。",
    "type": "l",
    "from": "原神",
    "from_who": "钟离\u0026荒泷一斗",
    "creator": "鱼鱼",
    "creator_uid": 8879,
    "reviewer": 1,
    "commit_from": "web",
    "created_at": "1650437682",
    "length": 16
  },
  {
    "id": 8286,
    "uuid": "91c56918-2fc6-4d68-b725-824094e3eb08",
    "hitokoto": "因为你喜欢海，所以我一直浪。",
    "type": "l",
    "from": "君",
    "from_who": null,
    "creator": "鑫淼啊",
    "creator_uid": 12298,
    "reviewer": 1,
    "commit_from": "web",
    "created_at": "1652092201",
    "length": 14
  },
  {
    "id": 8287,
    "uuid": "a7f2aab8-92c1-4866-a1e0-c161a56baf7e",
    "hitokoto": "你，对，你，就是你，你是你。",
    "type": "l",
    "from": "什",
    "from_who": "不到啊",
    "creator": "老z",
    "creator_uid": 12291,
    "reviewer": 1,
    "commit_from": "web",
    "created_at": "1652018955",
    "length": 14
  },
  {
    "id": 8431,
    "uuid": "10afb3d1-450a-4f0f-9cdb-96b52775d774",
    "hitokoto": "人是要整活的——没活了，可不就是死了么？",
    "type": "l",
    "from": "互联网",
    "from_who": "佚名",
    "creator": "Assault Blyat",
    "creator_uid": 9349,
    "reviewer": 1,
    "commit_from": "web",
    "created_at": "1648135471",
    "length": 20
  },
  {
    "id": 8441,
    "uuid": "81bdffac-7e39-4418-b445-61de456942f5",
    "hitokoto": "研表究明，人看在字时，会动自字将排好。不信你读重一下段这话，会就现发字全是都乱的。",
    "type": "l",
    "from": "互联网",
    "from_who": "佚名",
    "creator": "D5xun",
    "creator_uid": 12014,
    "reviewer": 1,
    "commit_from": "web",
    "created_at": "1649906511",
    "length": 41
  },
  {
    "id": 8548,
    "uuid": "c9a45236-fd20-41a6-95b7-c1688eade186",
    "hitokoto": "人活着不就是为了蕾姆，艾米莉亚，碧翠丝，麻衣，雪乃，亚丝娜，炮姐，纱雾，英梨梨，加藤，霞之丘诗羽，真白…",
    "type": "l",
    "from": "Bilibili",
    "from_who": "网友",
    "creator": "Will",
    "creator_uid": 10507,
    "reviewer": 1,
    "commit_from": "web",
    "created_at": "1633055756",
    "length": 52
  },
  {
    "id": 8609,
    "uuid": "24659d20-0582-4f35-9078-b42b5ca9b63d",
    "hitokoto": "大本钟下送快递——上面摆，下面寄。",
    "type": "l",
    "from": "饭堂周末夜",
    "from_who": "记得",
    "creator": "luckygaogao",
    "creator_uid": 11358,
    "reviewer": 1,
    "commit_from": "web",
    "created_at": "1643334990",
    "length": 17
  },
  {
    "id": 8659,
    "uuid": "9bd88e2e-ce1d-48eb-908c-b5f190e12b2d",
    "hitokoto": "当遇到你时，大脑连上CSGO都会掉帧。",
    "type": "l",
    "from": "Florence",
    "from_who": "Florence",
    "creator": "xy0313",
    "creator_uid": 10788,
    "reviewer": 1,
    "commit_from": "web",
    "created_at": "1636727563",
    "length": 19
  },
  {
    "id": 8922,
    "uuid": "b8b18cd7-8410-4f4b-81c1-b7bb98017604",
    "hitokoto": "逸一时，误一世。",
    "type": "l",
    "from": "夏夜银梦",
    "from_who": "田所浩二",
    "creator": "mojanglty",
    "creator_uid": 13616,
    "reviewer": 4756,
    "commit_from": "web",
    "created_at": "1669765362",
    "length": 8
  },
  {
    "id": 9018,
    "uuid": "6a18a70b-6cb5-494b-9e88-86b095ef6452",
    "hitokoto": "你怕不怕，这辈子就是上辈子所说的下辈子？",
    "type": "l",
    "from": "抖音",
    "from_who": "未知",
    "creator": "璃黯",
    "creator_uid": 13640,
    "reviewer": 4756,
    "commit_from": "web",
    "created_at": "1669946149",
    "length": 20
  },
  {
    "id": 9110,
    "uuid": "f01f7bd0-802c-4780-9797-55bfdaa583ae",
    "hitokoto": "为什么闪电侠无法穿过窗户？因为 Windows 不支持 Flash。",
    "type": "l",
    "from": "思考",
    "from_who": "某不知名的仌寇某",
    "creator": "璃黯",
    "creator_uid": 13640,
    "reviewer": 1044,
    "commit_from": "web",
    "created_at": "1669947898",
    "length": 34
  },
  {
    "id": 9122,
    "uuid": "51d2a015-6df3-4507-8d75-a5e48863d1a5",
    "hitokoto": "神即道，道即法，道法自然，如来。",
    "type": "l",
    "from": "遥远的救世主",
    "from_who": "豆豆",
    "creator": "erfie",
    "creator_uid": 13776,
    "reviewer": 1044,
    "commit_from": "web",
    "created_at": "1671076363",
    "length": 16
  },
  {
    "id": 9127,
    "uuid": "090346bc-ce09-495d-ac67-05eeefc7e359",
    "hitokoto": "有朋自远方来，必先苦其心志，劳其筋骨，饿其体肤，空乏其身，行拂乱其所为。然后鞭数十，逐之别庭。孔子曰：不亦说乎。",
    "type": "l",
    "from": "大王饶命",
    "from_who": null,
    "creator": "姜小白",
    "creator_uid": 13875,
    "reviewer": 1044,
    "commit_from": "web",
    "created_at": "1672316016",
    "length": 56
  },
  {
    "id": 9135,
    "uuid": "808e56f4-6157-4102-91fd-5cbf53479c55",
    "hitokoto": "这个世界对于笑话来讲是很残酷的，如果不好笑，它甚至活不到下一张嘴。",
    "type": "l",
    "from": "弱智吧",
    "from_who": null,
    "creator": "IcyFeather",
    "creator_uid": 13880,
    "reviewer": 4756,
    "commit_from": "web",
    "created_at": "1672324383",
    "length": 33
  },
  {
    "id": 9166,
    "uuid": "596955d9-6366-44bc-a3bd-97819bd1feaf",
    "hitokoto": "暴雨中前进，伞是倒划天空的船。",
    "type": "l",
    "from": "弱智吧",
    "from_who": null,
    "creator": "IcyFeather",
    "creator_uid": 13880,
    "reviewer": 1044,
    "commit_from": "web",
    "created_at": "1672324303",
    "length": 15
  }
]